Time (s),ESC signal (µs),Servo 1 (µs),Servo 2 (µs),Servo 3 (µs),AccX (g),AccY (g),AccZ (g),Torque (N·m),Thrust (N),Voltage (V),Current (A),Motor Electrical Speed (RPM),Motor Optical Speed (RPM),Electrical Power (W),Mechanical Power (W),Motor Efficiency (%),Propeller Mech. Efficiency (N/W),Overall Efficiency (N/W),Vibration (g),App message
0.045787,1000,,,,0.002734375,0.009765625,-1.025390625,0.000156703,-0.001821784,22.63736572,0.044289885,0,0,1.002606929,0,0,0,0,0.06328125,
0.047746,1000,,,,0,0.00859375,-1.02578125,0.000201877,-0.003009317,22.63708687,0.048114755,0,0,1.089178293,0,0,0,0,0.0625,
0.163319,1000,,,,0,0.008984375,-1.02578125,0.000141922,-0.003949447,22.63758812,0.050102758,0,0,1.134204678,0,0,0,0,0.06171875,
0.277866,1000,,,,0,0.009765625,-1.02578125,0.000197277,-0.005377635,22.63760109,0.048393773,0,0,1.095517937,0,0,0,0,0.060546875,
0.401563,1000,,,,0,0.008984375,-1.0265625,0.00019402,-0.002728177,22.63648415,0.045789607,0,0,1.036513856,0,0,0,0,0.060546875,
0.527544,1000,,,,0,0.008984375,-1.026953125,0.000157914,-0.002885615,22.63608055,0.048854223,0,0,1.105870834,0,0,0,0,0.060546875,
0.650392,1000,,,,0,0.01015625,-1.0265625,0.0000559151,-0.003004818,22.63662376,0.047231199,0,0,1.069153827,0,0,0,0,0.059765625,
0.775273,1000,,,,0,0.00859375,-1.02578125,0.000127865,-0.006698597,22.63723488,0.04694443,0,0,1.062691811,0,0,0,0,0.05859375,
0.90222,1000,,,,0,0.01015625,-1.02578125,0.000130069,-0.002103654,22.63685684,0.045793481,0,0,1.036622067,0,0,0,0,0.05859375,
1.025643,1000,,,,0,0.009765625,-1.025390625,0.000170145,-0.006124342,22.63614578,0.047588426,0,0,1.077219255,0,0,0,0,0.05859375,
1.150825,1000,,,,0,0.009375,-1.026953125,0.000120599,-0.000959641,22.63691254,0.048126381,0,0,1.089435467,0,0,0,0,0.05859375,
1.274621,1000,,,,0,0.009375,-1.02578125,0.000179858,-0.001443201,22.6378006,0.050242266,0,0,1.13737438,0,0,0,0,0.05859375,
1.399435,1000,,,,0,0.0109375,-1.02578125,0.000139873,-0.004183355,22.63652191,0.053090574,0,0,1.201786931,0,0,0,0,0.05859375,
1.525752,1000,,,,0,0.009375,-1.025390625,0.000082076,-0.001897523,22.63778496,0.049531546,0,0,1.121284262,0,0,0,0,0.05859375,
1.648481,1000,,,,0,0.009375,-1.0265625,0.000102043,-0.001232515,22.63624611,0.047607098,0,0,1.077642141,0,0,0,0,0.05859375,
1.773276,1000,,,,0,0.008984375,-1.025,0.000138342,-0.006241296,22.63705711,0.046661537,0,0,1.056279383,0,0,0,0,0.05859375,
1.898626,1000,,,,0,0.009765625,-1.02578125,0.000160142,-0.004001177,22.63756142,0.043154438,0,0,0.976908947,0,0,0,0,0.05859375,
2.026229,1000,,,,0,0.008203125,-1.025390625,0.000138458,-0.005351377,22.6370594,0.044875823,0,0,1.015855024,0,0,0,0,0.05859375,
2.151824,1000,,,,0,0.01015625,-1.0265625,0.000128067,-0.004580717,22.63843155,0.046560781,0,0,1.05406238,0,0,0,0,0.05859375,
2.277758,1000,,,,0,0.01015625,-1.026171875,0.000203832,-0.002061708,22.63793373,0.046932805,0,0,1.062459529,0,0,0,0,0.05859375,
2.401465,1000,,,,0,0.009375,-1.026171875,0.000132421,-0.002961354,22.63696098,0.049237802,0,0,1.114591574,0,0,0,0,0.05859375,
2.527113,1000,,,,0,0.009765625,-1.02578125,0.00022556,-0.005795971,22.63752327,0.048614662,0,0,1.100515595,0,0,0,0,0.05859375,
2.650925,1000,,,,0,0.00859375,-1.02578125,0.000208033,-0.005753238,22.63773575,0.047080064,0,0,1.065787522,0,0,0,0,0.05859375,
2.777654,1000,,,,0,0.009765625,-1.026953125,0.000159218,-0.005067988,22.63722076,0.047312579,0,0,1.071029441,0,0,0,0,0.05859375,
2.900916,1080.631225,,,,0,0.0109375,-1.026171875,0.000165118,-0.006470706,22.6362339,0.074697019,0,0,1.690703764,0,0,0,0,0.05859375,
3.025937,1103.522925,,,,-0.017578125,0.024609375,-1.02421875,-0.010392916,-0.02031851,22.61040764,0.449491629,246,0,10.15981688,0,0,0,0,0.07265625,
3.144504,1106.485,,,,-0.012109375,0.0359375,-1.01171875,-0.001319618,-0.102744098,22.6212574,0.263167769,1146,0,5.95318234,0,0,0,0,0.087109375,
3.272038,1109.661425,,,,-0.012109375,0.026953125,-1.037890625,0.002258025,-0.143109707,22.62109909,0.274607504,1386,0,6.211921721,0,0,0,0,0.095703125,
3.399421,1112.827975,,,,-0.007421875,0.040234375,-1.03828125,0.00364051,-0.174304209,22.62077141,0.286140243,1482,0,6.472708498,0,0,0,0,0.110546875,
3.524264,1115.95575,,,,-0.016796875,0.050390625,-1.04609375,0.003206297,-0.212539174,22.62047348,0.297493938,1545,0,6.72945256,0,0,0,0,0.13125,
3.649933,1119.097175,,,,-0.034375,0.046484375,-1.031640625,0.003403401,-0.216850729,22.61750565,0.31118984,1591,0,7.038336841,0,0,0,0,0.13671875,
3.775762,1122.261275,,,,-0.01796875,0.049609375,-1.03828125,0.003514316,-0.227628491,22.61666641,0.328209934,1644,0,7.423017503,0,0,0,0,0.143359375,
3.900808,1125.357575,,,,-0.01015625,0.0203125,-1.050390625,0.003135291,-0.252665646,22.61531982,0.352997569,1706,0,7.983162334,0,0,0,0,0.157421875,
4.025315,1128.494875,,,,-0.0125,0.035546875,-1.041796875,0.002540641,-0.264082156,22.61541901,0.364652762,1747,0,8.246773084,0,0,0,0,0.1765625,
4.149903,1131.58265,,,,-0.014453125,0.03984375,-1.027734375,0.002866284,-0.269194396,22.61460838,0.381002435,1801,0,8.616207519,0,0,0,0,0.197265625,
4.274912,1134.737775,,,,-0.022265625,0.01640625,-1.02265625,0.002521995,-0.295027738,22.6123703,0.394941703,1849,0,8.930575076,0,0,0,0,0.23671875,
4.398676,1137.79695,,,,-0.009765625,0.004296875,-1.00859375,0.002593903,-0.314358886,22.60986938,0.422855112,1898,0,9.560699177,0,0,0,0,0.28359375,
4.523867,1140.95515,,,,0.00546875,0.026953125,-1.03515625,0.002065875,-0.325867611,22.60904541,0.454118678,1965,0,10.26712859,0,0,0,0,0.294140625,
4.649356,1144.087675,,,,-0.01796875,0.041015625,-1.025390625,0.002582906,-0.349809446,22.60580254,0.455393634,2009,0,10.29452752,0,0,0,0,0.284375,
4.772864,1147.180275,,,,-0.01484375,0.038671875,-1.02421875,0.001662781,-0.362548437,22.60508003,0.49311336,2059,0,11.14685434,0,0,0,0,0.269140625,
4.900062,1149.75605,,,,-0.015625,0.0296875,-1.035546875,0.001394868,-0.401221979,22.60356941,0.519426295,2112,0,11.74083719,0,0,0,0,0.26015625,
5.028108,1150,,,,-0.022265625,0.0359375,-1.009765625,0.001432961,-0.39740523,22.60395279,0.501063815,2150,0,11.32602067,0,0,0,0,0.246484375,
5.151966,1150,,,,-0.0328125,0.03828125,-1.022265625,0.002415908,-0.401057794,22.60333176,0.501321909,2146,0,11.33155184,0,0,0,0,0.241796875,
5.276996,1150,,,,-0.00390625,0.04609375,-1.046875,0.001165223,-0.39015858,22.60371361,0.504476366,2145,0,11.40304038,0,0,0,0,0.242578125,
5.400637,1150,,,,-0.032421875,0.028515625,-1.026171875,0.001897248,-0.389227446,22.60147324,0.500298074,2145,0,11.30747349,0,0,0,0,0.235546875,
5.525735,1150,,,,-0.000390625,0.0515625,-1.045703125,0.00214738,-0.38893731,22.60267982,0.500197313,2146,0,11.30579771,0,0,0,0,0.238671875,
5.652122,1150,,,,-0.01875,0.024609375,-1.019921875,0.004824245,-0.364563644,22.60330963,0.504525969,2146,0,11.40395823,0,0,0,0,0.235546875,
5.778719,1150,,,,-0.014453125,0.0359375,-1.0375,0.002045715,-0.393021704,22.60245819,0.501224253,2146,0,11.32889341,0,0,0,0,0.23671875,
5.90064,1150,,,,-0.0453125,0.016015625,-1.021484375,0.002364172,-0.392889006,22.60337334,0.495415262,2142,0,11.19805915,0,0,0,0,0.23828125,
6.026935,1150,,,,-0.016015625,0.06328125,-1.039453125,0.001361994,-0.394967189,22.60238914,0.504467836,2145,0,11.40217288,0,0,0,0,0.241015625,
6.150398,1150,,,,-0.03515625,0.01640625,-1.017578125,0.002065631,-0.385143052,22.60290222,0.498728594,2144,0,11.27271265,0,0,0,0,0.237890625,
6.279255,1150,,,,-0.016015625,0.056640625,-1.03828125,0.002095173,-0.398679748,22.60217552,0.501698581,2145,0,11.33947695,0,0,0,0,0.241796875,
6.403061,1150,,,,-0.0203125,0.01796875,-1.012890625,0.002181053,-0.391903894,22.60181808,0.498507706,2146,0,11.26717829,0,0,0,0,0.2359375,
6.527136,1150,,,,0.0015625,0.04375,-1.040625,0.001261599,-0.369219314,22.60145264,0.505173132,2147,0,11.41764206,0,0,0,0,0.238671875,
6.650349,1150,,,,-0.00078125,0.055078125,-1.055078125,0.002535609,-0.40121973,22.60265732,0.497352878,2146,0,11.24149776,0,0,0,0,0.2328125,
6.779864,1150,,,,-0.023046875,0.030859375,-1.023828125,0.001728323,-0.39987251,22.60295792,0.506719348,2143,0,11.45335521,0,0,0,0,0.228515625,
6.902508,1150.44435,,,,-0.027734375,0.031640625,-1.025390625,0.002292134,-0.394058546,22.60230217,0.497752032,2143,0,11.25034305,0,0,0,0,0.225,
7.024547,1153.1713,,,,-0.0125,0.05390625,-1.041796875,0.000922744,-0.388712399,22.60082779,0.521763072,2152,0,11.79226547,0,0,0,0,0.2296875,
7.149128,1156.272975,,,,-0.017578125,0.037109375,-1.028515625,0.001288892,-0.413682811,22.59842911,0.541751603,2192,0,12.2427253,0,0,0,0,0.226171875,
7.274239,1159.400675,,,,-0.021484375,0.044140625,-1.047265625,0.001554072,-0.420627349,22.59687881,0.558461663,2240,0,12.61949258,0,0,0,0,0.228515625,
7.400318,1162.544025,,,,0.015234375,0.165234375,-1.125390625,0.000566992,-0.444821085,22.59584198,0.583302006,2280,0,13.18017953,0,0,0,0,0.24140625,
7.522981,1165.666525,,,,-0.024609375,0.01328125,-0.983203125,0.000551727,-0.465683881,22.59345779,0.620641956,2335,0,14.02243253,0,0,0,0,0.264453125,
7.64194,1168.671575,,,,0.012890625,0.044921875,-1.042578125,0.000302494,-0.476974442,22.59232903,0.635255525,2383,0,14.35192239,0,0,0,0,0.287890625,
7.754634,1171.467325,,,,0.0109375,0.05859375,-1.06953125,0.000349535,-0.50950565,22.58912964,0.675922379,2419,0,15.26849576,0,0,0,0,0.298828125,
7.875324,1174.416775,,,,-0.0765625,-0.046875,-0.93125,-0.00050605,-0.521592397,22.58814621,0.708298132,2471,0,15.99909176,0,0,0,0,0.319921875,
7.998694,1177.537025,,,,-0.0140625,0.055859375,-1.045703125,0.0000295513,-0.550036962,22.58628654,0.713955996,2510,0,16.12560512,0,0,0,0,0.336328125,
8.128208,1180.73805,,,,-0.003125,0.050390625,-1.041796875,-0.001690135,-0.544243971,22.58519707,0.746594879,2558,0,16.86198829,0,0,0,0,0.33984375,
8.25217,1183.8474,,,,-0.02265625,0.068359375,-1.030859375,-0.001542847,-0.564534761,22.58292847,0.773026392,2604,0,17.45718837,0,0,0,0,0.33359375,
8.372613,1186.907325,,,,0.0078125,0.023046875,-1.0515625,-0.001270858,-0.608372273,22.58051186,0.803210697,2654,0,18.13690998,0,0,0,0,0.320703125,
8.488513,1189.816725,,,,0.007421875,0.0296875,-1.051171875,-0.001413764,-0.613009949,22.57758751,0.830411074,2689,0,18.74868012,0,0,0,0,0.2984375,
8.603594,1192.6836,,,,-0.03046875,0.04375,-1.02109375,-0.002336873,-0.653583994,22.57541618,0.857824573,2735,0,19.36575152,0,0,0,0,0.282421875,
8.724182,1195.651175,,,,-0.019921875,0.052734375,-1.03671875,-0.002326771,-0.668893724,22.5746273,0.888282094,2775,0,20.05262257,0,0,0,0,0.269140625,
8.851598,1198.785925,,,,-0.009375,0.02578125,-1.02109375,-0.002848253,-0.680134804,22.5710907,0.925219783,2820,0,20.88321721,0,0,0,0,0.25390625,
8.978009,1200,,,,-0.014453125,0.046875,-1.026171875,-0.003092292,-0.699789825,22.56948204,0.95704256,2862,0,21.59996622,0,0,0,0,0.238671875,
9.102457,1200,,,,-0.015625,0.026953125,-1.015625,-0.002891532,-0.699883557,22.56943817,0.944703755,2881,0,21.32142859,0,0,0,0,0.230078125,
9.224085,1200,,,,-0.008984375,0.03515625,-1.0328125,-0.002932859,-0.712533314,22.56895866,0.937891075,2886,0,21.1672239,0,0,0,0,0.22265625,
9.351434,1200,,,,-0.023046875,0.058203125,-1.047265625,-0.002657695,-0.707259138,22.56995659,0.947187791,2883,0,21.3779894,0,0,0,0,0.218359375,
9.47557,1200,,,,-0.008203125,0.02421875,-1.041796875,-0.002661084,-0.723189624,22.5681118,0.943173036,2880,0,21.28563336,0,0,0,0,0.212109375,
9.601308,1200,,,,-0.023828125,0.0328125,-1.0296875,-0.002437942,-0.720130826,22.56794662,0.942067048,2882,0,21.26051786,0,0,0,0,0.2078125,
9.727344,1200,,,,-0.015625,0.03828125,-1.039453125,-0.003056105,-0.729860501,22.56710358,0.945639238,2881,0,21.34034662,0,0,0,0,0.204296875,
9.848155,1200,,,,-0.01484375,0.044140625,-1.03125,-0.0029986,-0.716921339,22.56808739,0.952620885,2885,0,21.49883226,0,0,0,0,0.201171875,
9.967626,1200,,,,-0.00390625,0.03203125,-1.03359375,-0.00380426,-0.7311335,22.56668854,0.959890864,2896,0,21.66155051,0,0,0,0,0.201171875,
10.088055,1200,,,,-0.024609375,0.0390625,-1.024609375,-0.003192427,-0.719905915,22.56655769,0.940623126,2886,0,21.22662669,0,0,0,0,0.20390625,
10.206448,1200,,,,-0.0078125,0.03671875,-1.0515625,-0.002766457,-0.717969426,22.56718102,0.949051783,2882,0,21.41741974,0,0,0,0,0.202734375,
10.324463,1200,,,,-0.02109375,0.05625,-1.03828125,-0.003126818,-0.716745907,22.56650124,0.941878698,2886,0,21.25490152,0,0,0,0,0.201171875,
10.450474,1200,,,,-0.013671875,0.052734375,-1.04609375,-0.003019844,-0.718459734,22.56664505,0.940813014,2883,0,21.2309858,0,0,0,0,0.196484375,
10.577284,1200,,,,-0.015234375,0.0234375,-1.03046875,-0.00303305,-0.706193057,22.56536942,0.953857097,2881,0,21.52413665,0,0,0,0,0.196875,
10.701186,1200,,,,-0.0109375,0.04609375,-1.046484375,-0.003358132,-0.712809955,22.56544037,0.950228307,2889,0,21.44232073,0,0,0,0,0.195703125,
10.828081,1200,,,,-0.0203125,0.043359375,-1.044921875,-0.003174169,-0.712967393,22.56574478,0.945771,2885,0,21.34201905,0,0,0,0,0.191796875,
10.951103,1201.198125,,,,-0.00390625,0.030078125,-1.023828125,-0.003206723,-0.715857507,22.56391487,0.956651148,2891,0,21.5857338,0,0,0,0,0.19375,
11.07424,1204.263975,,,,0.000390625,0.054296875,-1.0609375,-0.003925154,-0.726794956,22.56329193,0.976380036,2899,0,22.030349,0,0,0,0,0.19296875,
11.200229,1207.38905,,,,-0.018359375,0.0578125,-1.062890625,-0.00423018,-0.744287846,22.5617157,1.009858308,2935,0,22.78413057,0,0,0,0,0.192578125,
11.325393,1210.5255,,,,-0.009375,0.031640625,-1.025,-0.005091162,-0.756271865,22.5597126,1.041585741,2979,0,23.49787151,0,0,0,0,0.203125,
11.445552,1213.60025,,,,-0.009375,0.02421875,-1.03125,-0.005391965,-0.759222705,22.55517273,1.083515153,3020,0,24.43886704,0,0,0,0,0.217578125,
11.563714,1216.51765,,,,-0.01171875,0.0359375,-1.042578125,-0.005186591,-0.80333011,22.55331573,1.119299183,3061,0,25.24388461,0,0,0,0,0.244921875,
11.680787,1219.450675,,,,-0.033984375,0.06484375,-1.038671875,-0.005555137,-0.81334992,22.55121651,1.136319265,3098,0,25.62536603,0,0,0,0,0.2640625,
11.798735,1222.37885,,,,-0.01953125,0.0359375,-1.02734375,-0.006091789,-0.833980327,22.54941635,1.17196382,3129,0,26.42706819,0,0,0,0,0.267578125,
11.919805,1225.4512,,,,-0.02421875,0.032421875,-1.033203125,-0.006868982,-0.841974414,22.54695892,1.205666837,3168,0,27.18408171,0,0,0,0,0.259765625,
12.03514,1228.30535,,,,-0.033203125,0.197265625,-1.10703125,-0.006702759,-0.866478529,22.54520874,1.228100643,3205,0,27.68775663,0,0,0,0,0.265234375,
12.151389,1231.211,,,,-0.006640625,0.023046875,-1.0546875,-0.007605494,-0.886075073,22.54270706,1.255797062,3236,0,28.30906241,0,0,0,0,0.281640625,
12.2757,1234.28145,,,,-0.015234375,0.043359375,-1.0203125,-0.008059886,-0.898797589,22.54065628,1.305825338,3270,0,29.43415398,0,0,0,0,0.2953125,
12.400031,1237.41665,,,,0.0265625,0.035546875,-1.062890625,-0.009043041,-0.914924479,22.5370163,1.335355887,3303,0,30.09491664,0,0,0,0,0.305078125,
12.525078,1240.538925,,,,-0.0203125,0.0359375,-1.02109375,-0.009716595,-0.958749958,22.53555984,1.363269291,3336,0,30.72203199,0,0,0,0,0.315625,
12.650923,1243.663625,,,,-0.01484375,0.112109375,-1.056640625,-0.00954764,-0.965833941,22.53278923,1.406579075,3372,0,31.69413403,0,0,0,0,0.3421875,
12.775768,1246.763275,,,,-0.002734375,-0.07890625,-1.003515625,-0.010834281,-1.006649429,22.53085747,1.430892381,3406,0,32.23923395,0,0,0,0,0.39296875,
12.902621,1249.628175,,,,-0.161328125,0.712890625,-1.246484375,-0.011593533,-1.02798527,22.52765808,1.476226959,3439,0,33.25590227,0,0,0,0,0.484375,
13.02765,1250,,,,0.003125,0.09921875,-1.051171875,-0.010354632,-1.041405743,22.52569923,1.488404927,3473,0,33.52736069,0,0,0,0,0.552734375,
13.151154,1250,,,,-0.009375,0.001171875,-1,-0.010573635,-1.061567546,22.5253994,1.477889452,3480,0,33.29005364,0,0,0,0,0.6015625,
13.276305,1250,,,,0.012890625,-0.11875,-0.96875,-0.010806025,-1.048751355,22.52510147,1.492625079,3477,0,33.62153234,0,0,0,0,0.646875,
13.400673,1250,,,,-0.0140625,0.02109375,-1.040234375,-0.010827137,-1.073196992,22.52498055,1.488879642,3482,0,33.53697924,0,0,0,0,0.68203125,
13.523683,1250,,,,0.002734375,0.1203125,-1.075,-0.010487883,-1.047376414,22.52459717,1.480516848,3479,0,33.34805287,0,0,0,0,0.712109375,
13.649397,1250,,,,-0.017578125,-0.03515625,-1.004296875,-0.010822784,-1.051578493,22.52431526,1.478759441,3478,0,33.30804397,0,0,0,0,0.737890625,
13.778759,1250,,,,-0.01484375,0.1078125,-1.077734375,-0.010781158,-1.051926319,22.52385674,1.483159074,3478,0,33.40645781,0,0,0,0,0.7671875,
13.901786,1250,,,,-0.010546875,-0.049609375,-1.00703125,-0.01104239,-1.075092996,22.52224388,1.494926963,3480,0,33.66910442,0,0,0,0,0.789453125,
14.025582,1250,,,,-0.0265625,0.018359375,-1.00625,-0.010697149,-1.062681646,22.52212334,1.486347184,3483,0,33.47569726,0,0,0,0,0.804296875,
14.152175,1250,,,,-0.03671875,0.14609375,-1.05703125,-0.010178272,-1.062258812,22.5214489,1.494162402,3407,0,33.65068055,0,0,0,0,0.82109375,
14.277477,1250,,,,-0.005078125,-0.011328125,-1.024609375,-0.010758597,-1.051938351,22.52277908,1.484676943,3465,0,33.43905068,0,0,0,0,0.833984375,
14.397976,1250,,,,-0.02890625,0.08359375,-1.03203125,-0.010868673,-1.053071906,22.52207222,1.480330858,3476,0,33.34012049,0,0,0,0,0.839453125,
14.516892,1250,,,,-0.050390625,-0.013671875,-1.00546875,-0.010614574,-1.05669748,22.52228889,1.478104529,3478,0,33.29029505,0,0,0,0,0.838671875,
14.633313,1250,,,,-0.012890625,0.00625,-1.025390625,-0.010801641,-1.049635257,22.52107735,1.479900703,3476,0,33.32896404,0,0,0,0,0.8359375,
14.752121,1250,,,,-0.00859375,0.067578125,-1.0453125,-0.010529998,-1.044190148,22.52175827,1.488404927,3480,0,33.52147529,0,0,0,0,0.834375,
14.873909,1250.019925,,,,-0.015625,-0.009765625,-1.009765625,-0.010741603,-1.04522924,22.52040596,1.488081345,3482,0,33.51219855,0,0,0,0,0.8328125,
14.990156,1251.6456,,,,-0.012890625,0.169140625,-1.076171875,-0.009903479,-1.081964045,22.51934433,1.487602744,3481,0,33.49982577,0,0,0,0,0.83125,
15.106327,1254.5268,,,,-0.007421875,-0.051171875,-1.012109375,-0.011134376,-1.073943698,22.51738739,1.521311602,3493,0,34.25596017,0,0,0,0,0.8328125,
15.226197,1257.4837,,,,-0.0171875,0.0734375,-1.040625,-0.01134207,-1.069897539,22.51668663,1.560740313,3518,0,35.14269615,0,0,0,0,0.838671875,
15.352384,1260.6554,,,,-0.01484375,0.142578125,-1.075,-0.011703684,-1.099384963,22.5144268,1.581709275,3548,0,35.61126484,0,0,0,0,0.843359375,
15.476176,1263.732025,,,,-0.0015625,0.08671875,-1.05546875,-0.012263495,-1.123041892,22.51063156,1.62563909,3580,0,36.59414904,0,0,0,0,0.823046875,
15.599098,1266.816425,,,,-0.019140625,0.033984375,-1.02265625,-0.012473677,-1.148317453,22.50835648,1.656625566,3607,0,37.28790871,0,0,0,0,0.7921875,
15.724423,1269.94555,,,,-0.007421875,0.03671875,-1.0265625,-0.012676544,-1.164744993,22.50561295,1.695192036,3638,0,38.15132372,0,0,0,0,0.7609375,
15.849126,1273.0968,,,,-0.002734375,-0.0609375,-0.996875,-0.01319424,-1.191037154,22.50314445,1.732303366,3667,0,38.9822766,0,0,0,0,0.729296875,
15.971766,1276.179025,,,,-0.176953125,0.376953125,-1.127734375,-0.013360316,-1.204711777,22.49968681,1.769620046,3701,0,39.8158878,0,0,0,0,0.70078125,
16.088172,1279.06605,,,,0.0140625,-0.062109375,-0.9984375,-0.013929642,-1.229661216,22.49841576,1.798428664,3725,0,40.4617897,0,0,0,0,0.676171875,
16.205035,1282.022725,,,,-0.00625,-0.059375,-1.00859375,-0.01421383,-1.24447839,22.49584465,1.837456259,3758,0,41.33512994,0,0,0,0,0.666796875,
16.324251,1284.9563,,,,-0.024609375,0.033203125,-1.032421875,-0.014459109,-1.270907747,22.49271965,1.874034748,3785,0,42.15213758,0,0,0,0,0.66796875,
16.451227,1288.1227,,,,-0.015234375,0.04609375,-1.011328125,-0.014767885,-1.278095921,22.48791656,1.914629898,3822,0,43.05603186,0,0,0,0,0.670703125,
16.574217,1291.1782,,,,-0.01640625,0.04140625,-1.033984375,-0.015477126,-1.316450089,22.4860218,1.945885715,3850,0,43.75522114,0,0,0,0,0.6625,
16.699435,1294.32535,,,,-0.025,0.035546875,-1.044140625,-0.015584139,-1.31931996,22.4825016,1.993357501,3880,0,44.8156609,0,0,0,0,0.6703125,
16.825685,1297.47605,,,,-0.0046875,0.032421875,-1.037109375,-0.016044453,-1.346295853,22.47989616,2.03343142,3913,0,45.71129655,0,0,0,0,0.64921875,
16.949174,1299.8758,,,,-0.023046875,0.043359375,-1.026171875,-0.016733749,-1.361481881,22.47596169,2.083374104,3949,0,46.82582276,0,0,0,0,0.603125,
17.077909,1300,,,,0.007421875,0.058203125,-1.044921875,-0.016046773,-1.382697788,22.47326889,2.099230418,3975,0,47.17656718,0,0,0,0,0.557421875,
17.204804,1300,,,,-0.014453125,-0.0140625,-1.01328125,-0.017564777,-1.39729005,22.47337112,2.085042796,3979,0,46.85794419,0,0,0,0,0.509765625,
17.325878,1300,,,,-0.017578125,0.056640625,-1.054296875,-0.017069013,-1.42150178,22.47231407,2.094623503,3978,0,47.07105246,0,0,0,0,0.469140625,
17.451187,1300,,,,0.003515625,0.08359375,-1.03359375,-0.015936934,-1.423793629,22.47277794,2.097700486,3975,0,47.14117226,0,0,0,0,0.44140625,
17.576284,1300,,,,-0.051953125,0.00859375,-0.994140625,-0.016747548,-1.396064282,22.4719841,2.082145247,3976,0,46.78993118,0,0,0,0,0.433984375,
17.7016,1300,,,,-0.046875,0.04375,-1.03203125,-0.015661404,-1.407656224,22.47024803,2.096555314,3980,0,47.11008428,0,0,0,0,0.40703125,
17.828886,1300,,,,-0.011328125,0.057421875,-1.030078125,-0.015975326,-1.416396287,22.47032547,2.087329182,3977,0,46.90297481,0,0,0,0,0.38359375,
17.952831,1300,,,,-0.040625,0.040234375,-1.010546875,-0.015927724,-1.38859497,22.47122917,2.081464324,3972,0,46.77305902,0,0,0,0,0.3640625,
18.077219,1300,,,,-0.016015625,0.04140625,-1.032421875,-0.02002669,-1.381874612,22.47035828,2.091397366,3974,0,46.99444953,0,0,0,0,0.36875,
18.202687,1300,,,,-0.00625,0.065625,-1.056640625,-0.016242633,-1.411194083,22.46980133,2.083567462,3976,0,46.81734371,0,0,0,0,0.36484375,
18.325129,1300,,,,0,0.011328125,-1.0296875,-0.016812166,-1.416112899,22.46964226,2.094813428,3977,0,47.06970783,0,0,0,0,0.35546875,
18.450057,1300,,,,-0.02421875,0.05390625,-1.0375,-0.01618354,-1.403358951,22.46923447,2.076772198,3974,0,46.6634795,0,0,0,0,0.341015625,
18.577568,1300,,,,-0.01484375,0.0890625,-1.0328125,-0.016704179,-1.404352273,22.46804428,2.094995961,3975,0,47.07044812,0,0,0,0,0.337109375,
18.701805,1300,,,,-0.025,-0.047265625,-1.009765625,-0.016779132,-1.37717621,22.46633034,2.135224518,3980,0,47.9704266,0,0,0,0,0.349609375,
18.826425,1300,,,,-0.044140625,0.05546875,-1.01953125,-0.015470777,-1.406628378,22.46506767,2.093172631,3991,0,47.02320415,0,0,0,0,0.345703125,
18.952376,1300.371925,,,,-0.00078125,0.044140625,-1.031640625,-0.016516296,-1.416529716,22.46683807,2.085412059,3979,0,46.85260752,0,0,0,0,0.337109375,
19.075207,1303.010425,,,,-0.007421875,0.009375,-1.011328125,-0.016424764,-1.40768923,22.46550217,2.14924129,3986,0,48.28377496,0,0,0,0,0.328125,
19.199539,1306.11795,,,,-0.027734375,-0.05390625,-1.073046875,-0.017407551,-1.419918402,22.46080132,2.183054766,4013,0,49.03312435,0,0,0,0,0.326171875,
19.324742,1309.249275,,,,-0.009765625,0.110546875,-1.041015625,-0.018180381,-1.449819663,22.4573204,2.236984667,4052,0,50.23659086,0,0,0,0,0.33359375,
19.450823,1312.393825,,,,-0.029296875,0.046875,-1.020703125,-0.018214893,-1.484050415,22.45374451,2.299197898,4092,0,51.62558889,0,0,0,0,0.335546875,
19.576904,1315.544375,,,,0.005078125,0.0046875,-1.034375,-0.018733009,-1.502274999,22.44924469,2.356545767,4128,0,52.90268192,0,0,0,0,0.337890625,
19.700685,1318.637775,,,,-0.0125,0.0625,-1.035546875,-0.018974619,-1.534879697,22.44532051,2.415145287,4162,0,54.20869089,0,0,0,0,0.35234375,
19.826234,1321.775825,,,,-0.00859375,0.030859375,-1.048828125,-0.020205106,-1.569755214,22.43990479,2.473651871,4207,0,55.50851505,0,0,0,0,0.348046875,
19.951451,1324.9324,,,,-0.008203125,0.0390625,-1.019921875,-0.019960972,-1.595287961,22.43689308,2.517496047,4237,0,56.4847361,0,0,0,0,0.344140625,
20.075897,1328.02745,,,,-0.028125,0.1,-1.058203125,-0.020859927,-1.631168102,22.43145981,2.597611413,4280,0,58.26821056,0,0,0,0,0.33125,
20.199405,1331.134025,,,,-0.021875,0.0515625,-1.009765625,-0.021361898,-1.658857695,22.42515564,2.667958722,4320,0,59.8292776,0,0,0,0,0.314453125,
20.323103,1334.2145,,,,0.00234375,0.06484375,-1.03203125,-0.021453251,-1.71181762,22.42094917,2.708226428,4360,0,60.72096811,0,0,0,0,0.315625,
20.452968,1337.4119,,,,0.00625,0.04921875,-1.0390625,-0.021834848,-1.726182722,22.41703186,2.792542157,4395,0,62.60047439,0,0,0,0,0.33046875,
20.576977,1340.56725,,,,-0.028515625,0.024609375,-1.029296875,-0.022378946,-1.76916557,22.41118698,2.853778825,4434,0,63.95651808,0,0,0,0,0.361328125,
20.702718,1343.692375,,,,-0.01015625,0.092578125,-1.054296875,-0.022573368,-1.798805202,22.40601654,2.916691146,4481,0,65.35138725,0,0,0,0,0.40546875,
20.825161,1346.77375,,,,0,0.06484375,-1.034375,-0.023596248,-1.832307241,22.40091629,2.968211016,4514,0,66.49060818,0,0,0,0,0.485546875,
20.95105,1349.568775,,,,-0.08671875,0.144921875,-0.959375,-0.024081567,-1.87401484,22.3936924,3.0632902,4561,0,68.59820427,0,0,0,0,0.5671875,
21.076942,1350,,,,0.144140625,1.06796875,-0.83828125,-0.024009754,-1.909289238,22.39338112,3.079335675,4584,0,68.9567386,0,0,0,0,0.633984375,
21.203389,1350,,,,-0.4125,-0.79140625,-0.908203125,-0.02387862,-1.920926893,22.39135933,3.041160235,4587,0,68.09572276,0,0,0,0,0.68203125,
21.326558,1350,,,,-0.259765625,-1.178515625,-1.01328125,-0.024068204,-1.916655823,22.38800049,3.11155642,4594,0,69.66111723,0,0,0,0,0.826171875,
21.450954,1350,,,,0.02890625,-0.091796875,-1.199609375,-0.024510443,-1.920897655,22.38996811,3.050116715,4590,0,68.29196215,0,0,0,0,0.873828125,
21.577236,1350,,,,0.389453125,1.554296875,-0.81328125,-0.023925187,-1.917967057,22.38934402,3.065202651,4588,0,68.62786508,0,0,0,0,0.936328125,
21.703047,1350,,,,-0.008203125,0.574609375,-0.866015625,-0.024453253,-1.913860172,22.38797989,3.064108643,4588,0,68.59920697,0,0,0,0,1.01171875,
21.82624,1350,,,,-0.28828125,-0.95703125,-0.96484375,-0.025033342,-1.915571749,22.38661995,3.082519183,4591,0,69.00717434,0,0,0,0,0.990234375,
21.952551,1350,,,,0.259765625,1.514453125,-1.025,-0.023403692,-1.916145274,22.38636131,3.072034726,4587,0,68.7716696,0,0,0,0,1.01796875,
22.076232,1350,,,,0.15,1.09765625,-1.064453125,-0.02397262,-1.912213819,22.38608055,3.076247153,4584,0,68.86512018,0,0,0,0,1.09765625,
22.202343,1350,,,,-0.10625,-0.36875,-1.1796875,-0.024654129,-1.918362171,22.38399696,3.082978425,4590,0,69.00934434,0,0,0,0,1.105859375,
22.327247,1350,,,,-0.196484375,-0.572265625,-0.972265625,-0.023985691,-1.924662674,22.38387871,3.082475791,4595,0,68.99764606,0,0,0,0,1.109375,
22.4523,1350,,,,-0.16953125,-0.673046875,-1.023828125,-0.024063285,-1.923565106,22.38191299,3.115210805,4592,0,69.72424073,0,0,0,0,1.194921875,
22.574092,1350,,,,-0.219921875,-0.82421875,-1.06796875,-0.023780543,-1.91653662,22.3835434,3.066564831,4586,0,68.64058212,0,0,0,0,1.16015625,
22.703725,1350,,,,-0.36015625,-1.5125,-1.137890625,-0.023524177,-1.911903441,22.38333435,3.059529671,4585,0,68.48246325,0,0,0,0,1.180859375,
22.829663,1350,,,,-0.365625,-1.444921875,-1.12734375,-0.024254589,-1.915093418,22.38093109,3.068514428,4481,0,68.67621367,0,0,0,0,1.255078125,
22.952036,1350.152275,,,,-0.336328125,-1.298046875,-1.15234375,-0.02480538,-1.911734758,22.3804718,3.059465346,4585,0,68.47227522,0,0,0,0,1.28203125,
23.077086,1352.508325,,,,-0.1671875,-0.44140625,-1.0390625,-0.025035523,-1.926826323,22.37611847,3.142037186,4601,0,70.30621203,0,0,0,0,1.26640625,
23.201637,1355.6546,,,,0.009765625,0.180078125,-1.05390625,-0.024340321,-1.962701966,22.37186165,3.200090346,4628,0,71.59193899,0,0,0,0,1.251171875,
23.325947,1358.74575,,,,-0.001171875,0.064453125,-1.03984375,-0.025463762,-1.987806594,22.36645393,3.282018933,4669,0,73.40712767,0,0,0,0,1.218359375,
23.447934,1361.844925,,,,-0.030078125,-0.0375,-1.0078125,-0.02605536,-2.021226203,22.36114426,3.347105632,4703,0,74.84511041,0,0,0,0,1.163671875,
23.573593,1364.94025,,,,-0.028515625,0.056640625,-1.015625,-0.026811932,-2.070292909,22.35281944,3.445550523,4745,0,77.01754523,0,0,0,0,1.09453125,
23.692534,1367.998825,,,,-0.018359375,0.05234375,-1.0515625,-0.027285092,-2.09622971,22.34677238,3.481551585,4777,0,77.80133463,0,0,0,0,1.02265625,
23.807897,1370.842075,,,,-0.0421875,0.0453125,-0.97734375,-0.027543357,-2.141137801,22.34272728,3.567872748,4817,0,79.71601171,0,0,0,0,0.94921875,
23.925538,1373.753775,,,,0.010546875,0.0484375,-1.015234375,-0.027810932,-2.170517998,22.3355854,3.633110604,4847,0,81.14758736,0,0,0,0,0.90703125,
24.049173,1376.83565,,,,-0.037109375,-0.003515625,-1.030078125,-0.027857521,-2.213626796,22.33000832,3.679547677,4879,0,82.16428766,0,0,0,0,0.894140625,
24.171092,1379.9423,,,,-0.058984375,-0.059375,-1.062109375,-0.029070086,-2.251184778,22.32175446,3.798358855,4925,0,84.7855641,0,0,0,0,0.86953125,
24.290525,1382.891425,,,,-0.018359375,-0.173046875,-1.080859375,-0.028355945,-2.285877386,22.31825905,3.844100365,4954,0,85.79362478,0,0,0,0,0.862109375,
24.406901,1385.809925,,,,0.01171875,0.036328125,-1.01171875,-0.029710408,-2.299133673,22.31135674,3.890434775,4983,0,86.80085144,0,0,0,0,0.843359375,
24.526229,1388.771425,,,,-0.03515625,0.100390625,-1.047265625,-0.029859974,-2.348479269,22.30534363,3.994568572,5018,0,89.10023392,0,0,0,0,0.821484375,
24.651769,1391.881825,,,,-0.0296875,0.0484375,-1.062109375,-0.031308498,-2.391803983,22.29763603,4.084509215,5057,0,91.07456801,0,0,0,0,0.798046875,
24.776916,1395.011825,,,,-0.005078125,0.023046875,-1.01328125,-0.031337702,-2.439449247,22.29035797,4.161428199,5099,0,92.75969044,0,0,0,0,0.76171875,
24.900204,1398.12055,,,,-0.04921875,0.050390625,-1.030859375,-0.032085375,-2.474906555,22.28014297,4.251747451,5131,0,94.72941168,0,0,0,0,0.711328125,
25.026128,1399.9898,,,,-0.0125,0.053125,-1.06171875,-0.032196227,-2.506304208,22.2741291,4.357824549,5168,0,97.06675508,0,0,0,0,0.65078125,
25.153814,1400,,,,-0.031640625,0.019140625,-1.036328125,-0.032320877,-2.534377669,22.27225761,4.311337123,5181,0,96.02316845,0,0,0,0,0.593359375,
25.276889,1400,,,,-0.03046875,0.00859375,-1.024609375,-0.03156782,-2.531494303,22.27087517,4.316043601,5179,0,96.12210742,0,0,0,0,0.546484375,
25.402341,1400,,,,-0.01484375,0.072265625,-1.046875,-0.032220035,-2.547179635,22.26887283,4.34119781,5181,0,96.67357821,0,0,0,0,0.518359375,
25.525355,1400,,,,0.01171875,0.056640625,-1.025,-0.031712445,-2.542750367,22.26890259,4.325877032,5184,0,96.33251287,0,0,0,0,0.4921875,
25.650748,1400,,,,-0.02109375,0.035546875,-1.034765625,-0.032082183,-2.551781325,22.26802483,4.341230807,5180,0,96.67063157,0,0,0,0,0.46796875,
25.778285,1400,,,,0.003515625,0.011328125,-1.05625,-0.031834833,-2.545193666,22.26572075,4.315423522,5180,0,96.08601816,0,0,0,0,0.459765625,
25.901165,1400,,,,-0.0234375,0.037109375,-1.025390625,-0.032092461,-2.557244427,22.2632309,4.341048655,5178,0,96.64579775,0,0,0,0,0.449609375,
26.026071,1400,,,,-0.035546875,0.062890625,-1.0203125,-0.032422017,-2.53348328,22.26344528,4.310170684,5176,0,95.95923316,0,0,0,0,0.447265625,
26.151714,1400,,,,-0.012890625,0.05703125,-1.04765625,-0.032247401,-2.541302696,22.2611145,4.314162192,5178,0,96.03807251,0,0,0,0,0.43828125,
26.275423,1400,,,,-0.00859375,0.05078125,-1.03046875,-0.032600299,-2.551468698,22.26009941,4.306834063,5176,0,95.87056229,0,0,0,0,0.429296875,
26.40201,1400,,,,-0.015234375,0.055078125,-1.016796875,-0.031673952,-2.545881895,22.25960045,4.300974688,5174,0,95.73797429,0,0,0,0,0.423828125,
26.526965,1400,,,,-0.005078125,0.01640625,-1.023828125,-0.032286461,-2.556475989,22.25756721,4.326332411,5179,0,96.29358235,0,0,0,0,0.40625,
26.650904,1400,,,,-0.0046875,0.01875,-1.0515625,-0.03193755,-2.54205241,22.25630379,4.315557227,5174,0,96.04835872,0,0,0,0,0.3953125,
26.777712,1400,,,,-0.012109375,0.007421875,-1.016796875,-0.032757411,-2.538402096,22.25569229,4.319267783,5176,0,96.12826937,0,0,0,0,0.389453125,
26.902823,1400,,,,-0.0171875,0.03125,-1.015625,-0.032401549,-2.548090527,22.25388908,4.294121298,5175,0,95.56086613,0,0,0,0,0.3859375,
27.024037,1400.73755,,,,0.0046875,0.031640625,-1.0390625,-0.0329864,-2.554671439,22.25291481,4.312885222,5171,0,95.97428437,0,0,0,0,0.37890625,
27.149304,1403.70705,,,,-0.02421875,0.0109375,-1.01328125,-0.032499918,-2.559626241,22.24729042,4.441382632,5189,0,98.80866601,0,0,0,0,0.378125,
27.275666,1406.875425,,,,-0.008203125,0.02578125,-1.03359375,-0.033451741,-2.615011471,22.23938103,4.504297385,5225,0,100.172761,0,0,0,0,0.382421875,
27.400605,1409.9916,,,,-0.01171875,0.07109375,-1.080078125,-0.033775462,-2.639411367,22.23215599,4.611087546,5257,0,102.5143317,0,0,0,0,0.387109375,
27.526996,1413.158875,,,,-0.014453125,0.04296875,-1.000390625,-0.034607376,-2.694012387,22.22386055,4.701655993,5298,0,104.4888575,0,0,0,0,0.406640625,
27.650417,1416.25395,,,,-0.004296875,0.19453125,-1.02890625,-0.03486211,-2.740783505,22.21587372,4.777506194,5335,0,106.1363298,0,0,0,0,0.4234375,
27.775296,1419.3661,,,,-0.039453125,0.28125,-1.02734375,-0.035362357,-2.758812416,22.20795975,4.862389598,5373,0,107.9836293,0,0,0,0,0.438671875,
27.897648,1422.460025,,,,-0.0515625,-0.01953125,-1.057421875,-0.037027507,-2.817577308,22.19989967,4.972832236,5413,0,110.3963951,0,0,0,0,0.471875,
28.018133,1425.5029,,,,0.00546875,0.080859375,-0.996484375,-0.03508004,-2.866178447,22.19105911,5.112655101,5447,0,113.455068,0,0,0,0,0.508984375,
28.135598,1428.4021,,,,0.0078125,0.01484375,-1.05625,-0.037034383,-2.903257366,22.18211517,5.154246173,5485,0,114.3320534,0,0,0,0,0.53359375,
28.255228,1431.381575,,,,-0.01953125,0.043359375,-1.002734375,-0.037406032,-2.947848332,22.17218552,5.25802339,5519,0,116.5815603,0,0,0,0,0.55390625,
28.375808,1434.387025,,,,0.007421875,0.01484375,-1.046875,-0.038163728,-2.995264187,22.16308708,5.379047332,5561,0,119.2162356,0,0,0,0,0.559765625,
28.499212,1437.473625,,,,-0.033203125,0.0859375,-1.06328125,-0.038542075,-3.042850974,22.15390053,5.471628985,5595,0,121.2177757,0,0,0,0,0.546484375,
28.625692,1440.61875,,,,-0.006640625,0.04140625,-1.051953125,-0.039379389,-3.082905474,22.14595451,5.55630506,5627,0,123.0496912,0,0,0,0,0.54453125,
28.750233,1443.753475,,,,-0.03046875,0.032421875,-1.034765625,-0.039059641,-3.124833487,22.13478355,5.651839671,5659,0,125.1021669,0,0,0,0,0.536328125,
28.875976,1446.85075,,,,-0.0078125,0.02421875,-1.041796875,-0.04035646,-3.177397567,22.1257309,5.806297335,5694,0,128.4683779,0,0,0,0,0.531640625,
29.000119,1449.667225,,,,0.035546875,0.125,-1.037890625,-0.040778029,-3.234300192,22.11699486,5.87831491,5729,0,130.0104746,0,0,0,0,0.526171875,
29.117085,1450,,,,-0.00390625,0.02109375,-1.034375,-0.041974325,-3.269260445,22.10518646,5.958945307,5767,0,131.7230318,0,0,0,0,0.523046875,
29.234653,1450,,,,-0.004296875,0.012109375,-1.009765625,-0.040798065,-3.267384682,22.10649757,5.91204904,5764,0,130.6941794,0,0,0,0,0.52421875,
29.356034,1450,,,,-0.0296875,0.077734375,-1.041796875,-0.040687251,-3.266113932,22.10452995,5.946325526,5758,0,131.4407286,0,0,0,0,0.525,
29.477214,1450,,,,0.002734375,0.051171875,-1.025,-0.041253205,-3.256804842,22.10134506,5.896503386,5754,0,130.3206959,0,0,0,0,0.522265625,
29.604286,1450,,,,-0.020703125,0.041015625,-1.03828125,-0.040518566,-3.24330641,22.10072021,5.914796004,5752,0,130.7211796,0,0,0,0,0.522265625,
29.726158,1450,,,,0.0015625,0.02890625,-1.0546875,-0.04126738,-3.269818225,22.097192,5.896127543,5754,0,130.2878688,0,0,0,0,0.525390625,
29.852701,1450,,,,-0.0484375,0.037109375,-0.991796875,-0.040856448,-3.252275124,22.09664192,5.883655104,5749,0,130.0089785,0,0,0,0,0.52265625,
29.977954,1450,,,,-0.008203125,0.0765625,-1.046875,-0.041479116,-3.263878311,22.09421768,5.88517879,5750,0,130.0284317,0,0,0,0,0.522265625,
30.101476,1450,,,,-0.019140625,0.0234375,-1.0484375,-0.041175565,-3.260612595,22.09255562,5.87842544,5751,0,129.869445,0,0,0,0,0.52109375,
30.227116,1450,,,,0.003125,0.06328125,-1.04453125,-0.040877931,-3.24521515,22.09146118,5.875763068,5750,0,129.804201,0,0,0,0,0.516796875,
30.354172,1450,,,,0.01015625,0.07109375,-1.077734375,-0.040783663,-3.257468332,22.08902512,5.918460593,5748,0,130.7329677,0,0,0,0,0.519921875,
30.477062,1450,,,,-0.04453125,0.041015625,-1.01640625,-0.040860844,-3.244180557,22.08869934,5.865131316,5746,0,129.5530638,0,0,0,0,0.521484375,
30.601489,1450,,,,0.002734375,0.055078125,-1.084765625,-0.041322681,-3.245579507,22.08355751,5.888439021,5751,0,130.0375237,0,0,0,0,0.51875,
30.725812,1450,,,,-0.003515625,0.034765625,-1.0390625,-0.041212813,-3.249506462,22.08430138,5.88752254,5750,0,130.0218158,0,0,0,0,0.520703125,
30.84805,1450,,,,-0.00625,0.073828125,-1.0578125,-0.041306949,-3.254686176,22.08205833,5.85013412,5745,0,129.1829548,0,0,0,0,0.52265625,
30.974012,1450.12585,,,,-0.007421875,0.016015625,-0.998828125,-0.040920474,-3.270866313,22.07784615,5.893002162,5757,0,130.1044718,0,0,0,0,0.52265625,
31.094683,1452.366475,,,,-0.02734375,0.005859375,-1.045703125,-0.040899165,-3.253761789,22.07771606,5.928416094,5753,0,130.8857442,0,0,0,0,0.519921875,
31.21893,1455.43765,,,,-0.021484375,0.028125,-1.003515625,-0.041692161,-3.285436084,22.067836,6.023441062,5778,0,132.9241617,0,0,0,0,0.514453125,
31.338437,1458.4464,,,,0.01640625,0.062890625,-1.037890625,-0.041945466,-3.320776437,22.05735741,6.125071463,5810,0,135.1027895,0,0,0,0,0.51640625,
31.456444,1461.38345,,,,0.005078125,0.137890625,-1.04453125,-0.04322711,-3.374469574,22.04777412,6.259941611,5845,0,138.0177625,0,0,0,0,0.52578125,
31.581593,1464.469175,,,,0.005078125,0.05,-1.011328125,-0.043435947,-3.410585872,22.03672218,6.376576934,5879,0,140.5187695,0,0,0,0,0.53359375,
31.703375,1467.561825,,,,-0.00234375,0.010546875,-1.071484375,-0.044469374,-3.455464724,22.02531509,6.472466025,5910,0,142.5579959,0,0,0,0,0.540234375,
31.828451,1470.65475,,,,-0.00390625,0.014453125,-1.038671875,-0.044041058,-3.502073147,22.01196785,6.553605971,5948,0,144.2576878,0,0,0,0,0.54453125,
31.951323,1473.72285,,,,0.0046875,0.051171875,-1.0265625,-0.044709747,-3.547608741,22.00188332,6.680911765,5981,0,146.9924398,0,0,0,0,0.562109375,
32.076733,1476.884675,,,,-0.16171875,0.1734375,-1.101953125,-0.044868593,-3.595011101,21.99050102,6.832468829,6019,0,150.2491166,0,0,0,0,0.53359375,
32.20014,1479.934825,,,,-0.026953125,0.0375,-1.057421875,-0.045656885,-3.653593815,21.97867928,6.966226897,6056,0,153.1083524,0,0,0,0,0.5234375,
32.331103,1483.209575,,,,-0.035546875,0.012109375,-1.053125,-0.046837039,-3.713097176,21.9608654,7.096536002,6103,0,155.8448465,0,0,0,0,0.54609375,
32.45986,1486.44795,,,,0.0203125,0.140625,-1.030078125,-0.046748058,-3.738756577,21.95344505,7.176044402,6122,0,157.5388753,0,0,0,0,0.5609375,
32.581803,1489.519725,,,,-0.034765625,-0.01796875,-1.050390625,-0.047765125,-3.770831214,21.9413578,7.305543647,6149,0,160.2930448,0,0,0,0,0.576953125,
32.700488,1492.46705,,,,0.015234375,0.032421875,-1.039453125,-0.048284394,-3.80639423,21.93075638,7.419307265,6185,0,162.7108933,0,0,0,0,0.596875,
32.825402,1495.5835,,,,0.021484375,0,-1.011328125,-0.048686792,-3.856771425,21.91591339,7.536822352,6218,0,165.1760919,0,0,0,0,0.609765625,
32.95197,1498.741275,,,,-0.0234375,0.0515625,-1.00625,-0.049295315,-3.919155137,21.90566711,7.617516932,6249,0,166.8668002,0,0,0,0,0.614453125,
33.074543,1500,,,,-0.014453125,0.03203125,-1.03984375,-0.04971266,-3.952890374,21.89208603,7.746215472,6280,0,169.5808545,0,0,0,0,0.614453125,
33.203762,1500,,,,-0.033984375,0.041796875,-1.0234375,-0.049931245,-4.016882956,21.88048477,7.770783267,6309,0,170.0245892,0,0,0,0,0.605078125,
33.329165,1500,,,,-0.007421875,0.05390625,-1.05234375,-0.0495016,-3.970210813,21.88563957,7.714479193,6285,0,168.8363383,0,0,0,0,0.600390625,
33.453263,1500,,,,-0.03203125,0.04375,-1.041796875,-0.049365781,-3.97891714,21.88185616,7.731451544,6285,0,169.1784867,0,0,0,0,0.603125,
33.575436,1500,,,,-0.03046875,0.037109375,-1.016015625,-0.049695792,-3.988941448,21.87879143,7.726986632,6285,0,169.0570971,0,0,0,0,0.59921875,
33.698937,1500,,,,-0.006640625,0.01484375,-1.036328125,-0.049504356,-3.976636537,21.87727318,7.702806887,6281,0,168.5164269,0,0,0,0,0.5921875,
33.816938,1500,,,,0.002734375,0.054296875,-1.071484375,-0.049955638,-3.960152768,21.87357292,7.724035487,6283,0,168.9522403,0,0,0,0,0.58515625,
33.93611,1500,,,,-0.031640625,0.04609375,-1.0078125,-0.049641904,-3.953888981,21.87164307,7.726385817,6281,0,168.9887382,0,0,0,0,0.57734375,
34.054069,1500,,,,-0.012109375,0.02890625,-1.03828125,-0.050180801,-3.987688691,21.86788673,7.731917891,6287,0,169.0806934,0,0,0,0,0.573046875,
34.178339,1500,,,,-0.023046875,0.053125,-1.018359375,-0.049394317,-3.974421158,21.86700859,7.744175181,6282,0,169.3419489,0,0,0,0,0.56640625,
34.304099,1500,,,,-0.01328125,0.037890625,-1.026953125,-0.049522581,-3.981429402,21.86370888,7.709819159,6277,0,168.5652259,0,0,0,0,0.562109375,
34.430113,1500,,,,-0.006640625,0.04296875,-1.023828125,-0.049346946,-3.970506944,21.86114273,7.678307948,6280,0,167.8565833,0,0,0,0,0.559375,
34.551674,1500,,,,0,-0.0015625,-1.037890625,-0.04944213,-3.977018886,21.85848732,7.727279124,6279,0,168.9066319,0,0,0,0,0.55859375,
34.678335,1500,,,,-0.029296875,0.031640625,-1.05078125,-0.049335201,-3.97176945,21.85706749,7.720842299,6279,0,168.7549911,0,0,0,0,0.55703125,
34.803336,1500,,,,0.00234375,0.042578125,-1.048046875,-0.049630732,-3.964990616,21.85279732,7.734983096,6278,0,169.0309954,0,0,0,0,0.551953125,
34.929351,1500,,,,-0.012109375,0.046484375,-1.041015625,-0.049642688,-3.947182871,21.85092278,7.747336993,6277,0,169.286429,0,0,0,0,0.5578125,
35.052941,1500.752325,,,,-0.025,0.069140625,-1.021875,-0.049232185,-3.945027466,21.8491024,7.703074298,6273,0,168.3052318,0,0,0,0,0.559765625,
35.175365,1503.6628,,,,0.0046875,0.01796875,-1.034765625,-0.050417388,-3.97866299,21.83942108,7.835981784,6291,0,171.1331681,0,0,0,0,0.5609375,
35.299449,1506.75225,,,,0.009765625,0.05234375,-1.03984375,-0.050607217,-4.001770403,21.82782135,7.944325957,6317,0,173.4071195,0,0,0,0,0.55625,
35.42562,1509.895625,,,,-0.02734375,0.04140625,-1.034375,-0.051483632,-4.061102073,21.81820869,8.028996119,6351,0,175.1781601,0,0,0,0,0.5484375,
35.553114,1513.0902,,,,-0.00625,0.0546875,-1.034375,-0.051012013,-4.096168034,21.80473213,8.207856021,6376,0,178.9700278,0,0,0,0,0.528125,
35.674174,1516.144825,,,,0.011328125,-0.014453125,-1.006640625,-0.052418153,-4.133372904,21.79220238,8.276089701,6410,0,180.3540047,0,0,0,0,0.50078125,
35.800546,1519.26295,,,,-0.019921875,0.05546875,-1.01796875,-0.052652051,-4.172329835,21.7770237,8.419084391,6445,0,183.3424116,0,0,0,0,0.4796875,
35.926176,1522.430625,,,,-0.005859375,0.03046875,-1.027734375,-0.054025281,-4.24779441,21.76490097,8.580271563,6475,0,186.7484958,0,0,0,0,0.45390625,
36.049276,1525.50585,,,,-0.0125,0.040234375,-1.05234375,-0.054332453,-4.301761939,21.75216064,8.684506068,6501,0,188.9064235,0,0,0,0,0.43125,
36.168576,1528.50825,,,,-0.03046875,0.03671875,-1.008203125,-0.055156625,-4.319529952,21.73923035,8.802770838,6530,0,191.3653027,0,0,0,0,0.409765625,
36.289777,1531.52475,,,,-0.009765625,0.025390625,-1.04296875,-0.055707535,-4.380195347,21.71941452,8.970024714,6568,0,194.8217904,0,0,0,0,0.38984375,
36.408101,1534.51085,,,,-0.0125,0.05546875,-1.035546875,-0.056556239,-4.469554959,21.70660133,9.100203929,6599,0,197.5342606,0,0,0,0,0.37109375,
36.525976,1537.444075,,,,-0.021484375,0.059765625,-1.043359375,-0.056639943,-4.490622424,21.69678688,9.169382891,6619,0,198.9459296,0,0,0,0,0.35703125,
36.640654,1540.3284,,,,-0.012890625,0.03359375,-1.033203125,-0.057049078,-4.517029291,21.68140068,9.326923403,6641,0,202.220568,0,0,0,0,0.33984375,
36.75706,1543.22575,,,,-0.0140625,0.074609375,-1.06484375,-0.0571483,-4.582129941,21.6685009,9.436838946,6673,0,204.4820438,0,0,0,0,0.326953125,
36.876907,1546.1961,,,,-0.021484375,0.03359375,-1.046875,-0.057070794,-4.614170842,21.65273018,9.59108356,6512,0,207.6729974,0,0,0,0,0.3140625,
37.001429,1549.18955,,,,-0.007421875,0.046484375,-1.064453125,-0.058398439,-4.669053761,21.63974533,9.707089076,6729,0,210.0586465,0,0,0,0,0.305078125,
37.127342,1550,,,,-0.0203125,0.05,-1.041015625,-0.059102894,-4.719593637,21.62554092,9.793373522,6755,0,211.7869242,0,0,0,0,0.3078125,
37.253726,1550,,,,-0.01484375,0.0640625,-1.06875,-0.05898621,-4.740229273,21.62039795,9.760046229,6759,0,211.0159837,0,0,0,0,0.301171875,
37.378359,1550,,,,-0.017578125,0.044140625,-1.064453125,-0.058562816,-4.74565189,21.6173214,9.793204913,6752,0,211.7028292,0,0,0,0,0.301953125,
37.499843,1550,,,,-0.021875,0.04375,-1.054296875,-0.05955611,-4.745719364,21.61178627,9.816512522,6755,0,212.1522171,0,0,0,0,0.3046875,
37.627635,1550,,,,0.005859375,0.013671875,-1.022265625,-0.059008722,-4.752585914,21.60980759,9.766682658,6753,0,211.0561489,0,0,0,0,0.301953125,
37.750828,1550,,,,-0.025,0.072265625,-1.08359375,-0.058632941,-4.728680064,21.60810165,9.779002032,6752,0,211.3056629,0,0,0,0,0.301171875,
37.878247,1550,,,,-0.01640625,-0.00703125,-0.986328125,-0.058781466,-4.721471649,21.60430031,9.761863742,6746,0,210.8981637,0,0,0,0,0.2984375,
38.001788,1550,,,,-0.01875,0.0484375,-1.069921875,-0.058963776,-4.736054914,21.59940338,9.791046366,6752,0,211.4804936,0,0,0,0,0.296875,
38.128447,1550,,,,-0.012109375,0.03515625,-1.037890625,-0.059663336,-4.746423337,21.59229851,9.844398722,6760,0,212.561399,0,0,0,0,0.291796875,
38.254524,1550,,,,-0.030078125,0.0453125,-1.013671875,-0.059300512,-4.719287757,21.59413795,9.696075854,6750,0,209.3784002,0,0,0,0,0.28828125,
38.377014,1550,,,,0.003515625,0.007421875,-1.0109375,-0.059283421,-4.727193399,21.58555641,9.808298907,6758,0,211.7161564,0,0,0,0,0.282421875,
38.504569,1550,,,,-0.027734375,0.0296875,-1.02578125,-0.058780287,-4.716908193,21.58773766,9.76634849,6747,0,210.8333961,0,0,0,0,0.283203125,
38.626228,1550,,,,-0.011328125,0.0328125,-1.041796875,-0.059241525,-4.714870494,21.58100052,9.844222483,6751,0,212.446617,0,0,0,0,0.284375,
38.753591,1550,,,,-0.01953125,0.0421875,-1.029296875,-0.058577328,-4.706879387,21.5818119,9.687530741,6757,0,209.0744692,0,0,0,0,0.283203125,
38.877495,1550,,,,-0.01640625,0.0546875,-1.0484375,-0.058364159,-4.703847579,21.58094368,9.720042071,6752,0,209.7676178,0,0,0,0,0.281640625,
39.002354,1550.014675,,,,-0.0171875,0.051171875,-1.030078125,-0.057569167,-4.686921483,21.58048592,9.701088175,6749,0,209.3541936,0,0,0,0,0.28046875,
39.125852,1551.8288,,,,-0.0140625,0.0421875,-1.0125,-0.058512175,-4.655145978,21.5723793,9.79031013,6761,0,211.1976941,0,0,0,0,0.28125,
39.241629,1554.760725,,,,-0.018359375,0.04453125,-1.052734375,-0.058703516,-4.706537521,21.5651722,9.871705851,6782,0,212.8847462,0,0,0,0,0.286328125,
39.356157,1557.593875,,,,-0.01953125,0.041796875,-1.031640625,-0.060188317,-4.704360377,21.55105896,9.999164614,6807,0,215.4923906,0,0,0,0,0.290625,
39.476447,1560.55885,,,,0.01171875,0.01640625,-1.01328125,-0.060693735,-4.736322559,21.53785057,10.13165725,6836,0,218.2139891,0,0,0,0,0.29921875,
39.599865,1563.647925,,,,-0.09296875,0.085546875,-1.075,-0.060699595,-4.773099348,21.52241135,10.27161983,6861,0,221.06995,0,0,0,0,0.312109375,
39.72625,1566.8089,,,,-0.07421875,0.069921875,-1.051171875,-0.060996236,-4.830917359,21.50971222,10.35814422,6888,0,222.8003428,0,0,0,0,0.324609375,
39.849542,1569.87555,,,,0.02109375,0.012109375,-0.974609375,-0.061883259,-4.899536379,21.49301529,10.54324935,6918,0,226.606145,0,0,0,0,0.331640625,
39.975149,1573.01125,,,,-0.0125,0.047265625,-1.019140625,-0.062239117,-4.955523614,21.47566719,10.79650463,6952,0,231.8606709,0,0,0,0,0.334375,
40.101065,1576.171425,,,,-0.008984375,0.03046875,-1.027734375,-0.064357181,-5.028572639,21.45591278,10.81443733,7001,0,232.032773,0,0,0,0,0.327734375,
40.225271,1579.274075,,,,-0.02109375,0.035546875,-1.051171875,-0.063408692,-5.024490494,21.44605637,10.94306453,7006,0,234.6853006,0,0,0,0,0.326171875,
40.35104,1582.396175,,,,0.00859375,0.05390625,-1.02265625,-0.06400141,-5.041959375,21.43015938,11.10140708,7038,0,237.9046672,0,0,0,0,0.3234375,
40.47638,1585.572225,,,,-0.00625,0.0609375,-1.06171875,-0.064380291,-5.090596499,21.41505165,11.24126953,7064,0,240.7320387,0,0,0,0,0.321484375,
40.600059,1588.646525,,,,-0.02421875,0.02890625,-1.022265625,-0.065292925,-5.164448459,21.39765854,11.40888484,7094,0,244.1231328,0,0,0,0,0.317578125,
40.725609,1591.80705,,,,0.015625,0.06484375,-1.03046875,-0.065032575,-5.203479611,21.38122749,11.5576052,7117,0,247.1156411,0,0,0,0,0.310546875,
40.850331,1594.900025,,,,-0.005078125,0.02578125,-0.998046875,-0.066686203,-5.259196952,21.36143379,11.73771518,7152,0,250.7331453,0,0,0,0,0.301171875,
40.975277,1598.0103,,,,-0.0328125,0.060546875,-1.07734375,-0.067251449,-5.313081263,21.34797287,11.81991294,7176,0,252.3309287,0,0,0,0,0.293359375,
41.101924,1599.9992,,,,-0.010546875,0.04296875,-1.052734375,-0.06759708,-5.373780394,21.33006325,11.96832355,7201,0,255.2850389,0,0,0,0,0.28828125,
41.228423,1600,,,,-0.016015625,0.028515625,-1.008984375,-0.066874461,-5.385651972,21.31228371,12.16670516,7222,0,259.2967768,0,0,0,0,0.281640625,
41.353605,1600,,,,-0.01796875,0.05,-1.08359375,-0.068621266,-5.426396205,21.31665688,11.92974533,7214,0,254.3021988,0,0,0,0,0.278515625,
41.479121,1600,,,,-0.012109375,0.061328125,-1.066015625,-0.067271453,-5.384096343,21.31352539,11.96611846,7204,0,255.0401152,0,0,0,0,0.275390625,
41.602948,1600,,,,-0.015234375,0.025390625,-1.035546875,-0.068505558,-5.393129536,21.30373383,12.00999969,7208,0,255.8576128,0,0,0,0,0.27109375,
41.732049,1600,,,,-0.01484375,0.063671875,-1.021875,-0.066929076,-5.385750933,21.30276985,11.9330931,7203,0,254.2078389,0,0,0,0,0.269140625,
41.854709,1600,,,,-0.003125,0.002734375,-1.020703125,-0.067736487,-5.402380148,21.29695435,12.01124347,7201,0,255.802395,0,0,0,0,0.26796875,
41.976883,1600,,,,-0.02421875,0.02109375,-1.027734375,-0.067807659,-5.435327443,21.28916855,12.05818466,7207,0,256.7074049,0,0,0,0,0.260546875,
42.102679,1600,,,,-0.01640625,0.046484375,-1.059375,-0.067719848,-5.42884999,21.28838463,11.99248928,7193,0,255.3006166,0,0,0,0,0.259765625,
42.228172,1600,,,,-0.026953125,0.026171875,-1.03515625,-0.067491397,-5.414001329,21.28386612,12.01553558,7191,0,255.7369873,0,0,0,0,0.259765625,
42.352567,1600,,,,-0.007421875,0.052734375,-1.05703125,-0.066343864,-5.427244121,21.28147469,11.96749004,7192,0,254.6857949,0,0,0,0,0.262109375,
42.476664,1600,,,,-0.01796875,0.040234375,-1.023828125,-0.066893707,-5.424255047,21.28161354,11.97855209,7183,0,254.9225916,0,0,0,0,0.262109375,
42.600748,1600,,,,0.0015625,0.04453125,-1.0453125,-0.065989382,-5.413468288,21.27428093,11.97731212,7188,0,254.8086168,0,0,0,0,0.2625,
42.728471,1600,,,,-0.025390625,0.030859375,-1.055859375,-0.066186292,-5.384920264,21.27379837,11.99958995,7189,0,255.2767864,0,0,0,0,0.265234375,
42.852979,1600,,,,-0.0125,0.056640625,-1.05234375,-0.066394718,-5.398466687,21.27070045,11.96496356,7186,0,254.5029973,0,0,0,0,0.26796875,
42.984078,1600,,,,0.00859375,0.06953125,-1.082421875,-0.067157302,-5.38320194,21.26782837,11.93833869,7186,0,253.9024557,0,0,0,0,0.261328125,
43.104454,1600,,,,-0.01328125,0.0625,-1.045703125,-0.067031778,-5.385156421,21.26102943,11.96310142,7180,0,254.3477117,0,0,0,0,0.261328125,
43.227525,1600,,,,0.0015625,0.04765625,-1.048828125,-0.066385081,-5.4082256,21.25936813,11.93682922,7173,0,253.7694552,0,0,0,0,0.26015625,
43.352431,1600,,,,-0.0203125,0.0421875,-1.028125,-0.066389912,-5.398606132,21.25390091,11.99274715,7034,0,254.8925714,0,0,0,0,0.259375,
43.476575,1600,,,,-0.01484375,0.0328125,-1.042578125,-0.066467836,-5.389312787,21.25419998,11.92292484,7150,0,253.4121692,0,0,0,0,0.264453125,
43.602988,1600,,,,-0.030859375,0.055078125,-1.054296875,-0.066362873,-5.369358633,21.25226021,11.94315513,7177,0,253.8189574,0,0,0,0,0.269921875,
43.735754,1600,,,,-0.016015625,0.048828125,-1.00546875,-0.066510902,-5.343595014,21.24812355,11.95283016,7179,0,253.9751613,0,0,0,0,0.271484375,
43.852828,1600,,,,-0.0015625,0.050390625,-1.05390625,-0.066892581,-5.345553994,21.24304543,11.95112117,7182,0,253.8781816,0,0,0,0,0.271484375,
43.976396,1600,,,,0.0015625,0.0328125,-1.0765625,-0.066156131,-5.344370959,21.24190216,11.96003231,7177,0,254.0538305,0,0,0,0,0.272265625,
44.105277,1600,,,,-0.01328125,0.02265625,-1.0296875,-0.065919572,-5.325246729,21.2412468,11.90726131,7175,0,252.92502,0,0,0,0,0.271484375,
44.226827,1600,,,,-0.002734375,0.0734375,-1.026953125,-0.065847603,-5.289537521,21.23725853,11.93605407,7175,0,253.4889854,0,0,0,0,0.2734375,
44.352803,1600,,,,0.0046875,0.02109375,-1.036328125,-0.066357855,-5.294505817,21.23631554,11.88270172,7179,0,252.3447311,0,0,0,0,0.272265625,
44.479266,1600,,,,-0.00703125,0.043359375,-1.0296875,-0.067112356,-5.313906688,21.22722893,11.98015655,7187,0,254.3050004,0,0,0,0,0.27109375,
44.602814,1600,,,,0.005078125,0.051171875,-1.01015625,-0.065743836,-5.348848948,21.2228447,11.95129741,7190,0,253.6385814,0,0,0,0,0.269140625,
44.726229,1600,,,,-0.02890625,0.05078125,-1.063671875,-0.067086367,-5.318302205,21.2249176,11.8845753,7171,0,252.2491159,0,0,0,0,0.267578125,
44.850661,1600,,,,-0.01484375,0.01640625,-1.010546875,-0.065040622,-5.31317723,21.2233448,11.89110321,7167,0,252.3689038,0,0,0,0,0.2625,
44.974197,1600,,,,-0.012109375,0.033984375,-1.0484375,-0.066776276,-5.324895867,21.2196804,11.92411064,7167,0,253.0257876,0,0,0,0,0.25859375,
45.099572,1600,,,,-0.005859375,0.022265625,-0.994921875,-0.066869358,-5.318299211,21.21423645,11.95158027,7178,0,253.5429726,0,0,0,0,0.255078125,
45.226047,1600,,,,-0.015234375,0.041796875,-1.045703125,-0.066043236,-5.313713264,21.21248894,11.89755939,7171,0,252.375982,0,0,0,0,0.255078125,
45.350826,1600,,,,-0.00390625,0.009765625,-1.016796875,-0.066605329,-5.308495316,21.21149178,11.84717353,7177,0,251.2961977,0,0,0,0,0.254296875,
45.476504,1600,,,,-0.0265625,0.02109375,-1.02265625,-0.066362683,-5.273526812,21.21184158,11.87010845,7164,0,251.7867479,0,0,0,0,0.251171875,
45.602358,1600,,,,0.013671875,0.069921875,-1.076953125,-0.065745967,-5.281561412,21.20622139,11.87964996,7170,0,251.9224676,0,0,0,0,0.24921875,
45.723206,1600,,,,-0.001171875,0.034375,-1.033203125,-0.066292222,-5.284879602,21.2071022,11.86161064,7161,0,251.5503473,0,0,0,0,0.245703125,
45.844011,1600,,,,-0.029296875,0.078125,-1.030078125,-0.065880848,-5.285790494,21.201828,11.90248493,7162,0,252.3543947,0,0,0,0,0.24375,
45.963485,1600,,,,-0.01015625,0.0484375,-1.05546875,-0.065857512,-5.322331875,21.19945641,11.91366294,7156,0,252.5631501,0,0,0,0,0.242578125,
46.081062,1600,,,,-0.016796875,0.0296875,-1.026171875,-0.066571423,-5.329544789,21.19115829,11.98632968,7165,0,254.0037273,0,0,0,0,0.241796875,
46.201808,1600,,,,-0.028125,0.034765625,-1.02265625,-0.066788643,-5.335338511,21.18751793,11.96948226,7179,0,253.6018708,0,0,0,0,0.24140625,
46.325333,1600,,,,0.015234375,0.025,-1.043359375,-0.0655726,-5.326272326,21.19463577,11.84073471,7162,0,250.9600159,0,0,0,0,0.238671875,
46.451318,1600,,,,-0.008984375,0.041015625,-1.05234375,-0.065514508,-5.284195871,21.18965454,11.88209346,7159,0,251.7769823,0,0,0,0,0.2375,
